"name","address","city","state","country","zip","phone","lat","lng","region","types","hours","website","notes","google_place_id","source","verified","active"
"(403) 265-3455","","","AB","CA","","","0.0","0.0","","{Sports,Cards}","","","","","sportscardportal","false","true"
"(403) 338-0668","","","AB","CA","","","0.0","0.0","","{Sports,Cards}","","","","","sportscardportal","false","true"
"(403) 720-6690","","","AB","CA","","","0.0","0.0","","{Sports,Cards}","","","","","sportscardportal","false","true"
"(403) 823-2175","","","AB","CA","","","0.0","0.0","","{Sports,Cards}","","","","","sportscardportal","false","true"
"(780) 361-0107","","","AB","CA","","","0.0","0.0","","{Sports,Cards}","","","","","sportscardportal","false","true"
"(780) 444-1156","","","AB","CA","","","0.0","0.0","","{Sports,Cards}","","","","","sportscardportal","false","true"
"(780) 477-2102","","","AB","CA","","","0.0","0.0","","{Sports,Cards}","","","","","sportscardportal","false","true"
"(780) 483-3177","","","AB","CA","","","0.0","0.0","","{Sports,Cards}","","","","","sportscardportal","false","true"
"(780) 538-1611","","","AB","CA","","","0.0","0.0","","{Sports,Cards}","","","","","sportscardportal","false","true"
"(250) 580-5991","","","BC","CA","","","0.0","0.0","","{Sports,Cards}","","","","","sportscardportal","false","true"
"(250) 585-1313","","","BC","CA","","","0.0","0.0","","{Sports,Cards}","","","","","sportscardportal","false","true"
"(250) 758-1484","","","BC","CA","","","0.0","0.0","","{Sports,Cards}","","","","","sportscardportal","false","true"
"(250) 862-2737","","","BC","CA","","","0.0","0.0","","{Sports,Cards}","","","","","sportscardportal","false","true"
"(604) 255-8955","","","BC","CA","","","0.0","0.0","","{Sports,Cards}","","","","","sportscardportal","false","true"
"(604) 382-4272","","","BC","CA","","","0.0","0.0","","{Sports,Cards}","","","","","sportscardportal","false","true"
"(604) 432-9979","","","BC","CA","","","0.0","0.0","","{Sports,Cards}","","","","","sportscardportal","false","true"
"(604) 469-2522","","","BC","CA","","","0.0","0.0","","{Sports,Cards}","","","","","sportscardportal","false","true"
"(604) 504-0911","","","BC","CA","","","0.0","0.0","","{Sports,Cards}","","","","","sportscardportal","false","true"
"(604) 530-5507","","","BC","CA","","","0.0","0.0","","{Sports,Cards}","","","","","sportscardportal","false","true"
"(604) 584-5507","","","BC","CA","","","0.0","0.0","","{Sports,Cards}","","","","","sportscardportal","false","true"
"(604) 882-7616","","","BC","CA","","","0.0","0.0","","{Sports,Cards}","","","","","sportscardportal","false","true"
"(204) 221-4956","","","MB","CA","","","0.0","0.0","","{Sports,Cards}","","","","","sportscardportal","false","true"
"(204) 256-7080","","","MB","CA","","","0.0","0.0","","{Sports,Cards}","","","","","sportscardportal","false","true"
"(204) 775-9631","","","MB","CA","","","0.0","0.0","","{Sports,Cards}","","","","","sportscardportal","false","true"
"(204) 783-8430","","","MB","CA","","","0.0","0.0","","{Sports,Cards}","","","","","sportscardportal","false","true"
"(204) 831-9001","","","MB","CA","","","0.0","0.0","","{Sports,Cards}","","","","","sportscardportal","false","true"
"(506) 642-2646","","","NB","CA","","","0.0","0.0","","{Sports,Cards}","","","","","sportscardportal","false","true"
"(506) 852-3244","","","NB","CA","","","0.0","0.0","","{Sports,Cards}","","","","","sportscardportal","false","true"
"(709) 738-2888","","","NL","CA","","","0.0","0.0","","{Sports,Cards}","","","","","sportscardportal","false","true"
"(902) 445-5087","","","NS","CA","","","0.0","0.0","","{Sports,Cards}","","","","","sportscardportal","false","true"
"(902) 455-2132","","","NS","CA","","","0.0","0.0","","{Sports,Cards}","","","","","sportscardportal","false","true"
"(289) 389-5246","","","ON","CA","","","0.0","0.0","","{Sports,Cards}","","","","","sportscardportal","false","true"
"(289) 755-0966","","","ON","CA","","","0.0","0.0","","{Sports,Cards}","","","","","sportscardportal","false","true"
"(306) 514-2844","","","ON","CA","","","0.0","0.0","","{Sports,Cards}","","","","","sportscardportal","false","true"
"(519) 364-0909","","","ON","CA","","","0.0","0.0","","{Sports,Cards}","","","","","sportscardportal","false","true"
"(519) 397-2608","","","ON","CA","","","0.0","0.0","","{Sports,Cards}","","","","","sportscardportal","false","true"
"(519) 439-4955","","","ON","CA","","","0.0","0.0","","{Sports,Cards}","","","","","sportscardportal","false","true"
"(519) 476-0101","","","ON","CA","","","0.0","0.0","","{Sports,Cards}","","","","","sportscardportal","false","true"
"(519) 570-0873","","","ON","CA","","","0.0","0.0","","{Sports,Cards}","","","","","sportscardportal","false","true"
"(519) 676-0558","","","ON","CA","","","0.0","0.0","","{Sports,Cards}","","","","","sportscardportal","false","true"
"(519) 676-5195","","","ON","CA","","","0.0","0.0","","{Sports,Cards}","","","","","sportscardportal","false","true"
"(519) 822-0016","","","ON","CA","","","0.0","0.0","","{Sports,Cards}","","","","","sportscardportal","false","true"
"(519) 954-8278","","","ON","CA","","","0.0","0.0","","{Sports,Cards}","","","","","sportscardportal","false","true"
"(613) 634-9551","","","ON","CA","","","0.0","0.0","","{Sports,Cards}","","","","","sportscardportal","false","true"
"(905) 318-7000","","","ON","CA","","","0.0","0.0","","{Sports,Cards}","","","","","sportscardportal","false","true"
"(905) 458-7065","","","ON","CA","","","0.0","0.0","","{Sports,Cards}","","","","","sportscardportal","false","true"
"(905) 654-6393","","","ON","CA","","","0.0","0.0","","{Sports,Cards}","","","","","sportscardportal","false","true"
"(905) 738-5305","","","ON","CA","","","0.0","0.0","","{Sports,Cards}","","","","","sportscardportal","false","true"
"(905) 846-1058","","","ON","CA","","","0.0","0.0","","{Sports,Cards}","","","","","sportscardportal","false","true"
"AJ Sports & Cards","","","","US","","","0.0","0.0","","{Sports,Sports,TCG}","","","","","sportscardportal","false","true"
"Amg Collectibles","","","","US","","","0.0","0.0","","{Sports,Collectibles}","","","","","sportscardportal","false","true"
"Beyond The Pond Sportscards & Collectables","","","","US","","","0.0","0.0","","{Sports,Sports,TCG}","","","","","sportscardportal","false","true"
"Breakaway Sports Cards & Collectibles","","","","US","","","0.0","0.0","","{Sports,Sports,TCG,Collectibles}","","","","","sportscardportal","false","true"
"Canadian Collectors Club","","","","US","","","0.0","0.0","","{Sports,Cards}","","","","","sportscardportal","false","true"
"Cancentral Card & Supply","","","","US","","","0.0","0.0","","{Sports,TCG}","","","","","sportscardportal","false","true"
"Cardboard Memories","","","","US","","","0.0","0.0","","{Sports,TCG}","","","","","sportscardportal","false","true"
"Cards 2 Collectibles","","","","US","","","0.0","0.0","","{Sports,TCG,Collectibles}","","","","","sportscardportal","false","true"
"Centre Court Collectables","","","","US","","","0.0","0.0","","{Sports,Cards}","","","","","sportscardportal","false","true"
"Cloutsnchara","","","","US","","","0.0","0.0","","{Sports,Cards}","","","","","sportscardportal","false","true"
"Collector'S Den","","","","US","","","0.0","0.0","","{Sports,Cards}","","","","","sportscardportal","false","true"
"D & M Sportscards","","","","US","","","0.0","0.0","","{Sports,Sports,TCG}","","","","","sportscardportal","false","true"
"Directions","","","","US","","","0.0","0.0","","{Sports,Cards}","","","","","sportscardportal","false","true"
"Eastridge Hobbies","","","","US","","","0.0","0.0","","{Sports,Cards}","","","","","sportscardportal","false","true"
"Fundy Coins & Collectibles","","","","US","","","0.0","0.0","","{Sports,Collectibles}","","","","","sportscardportal","false","true"
"Game Shack (Brampton)","","","","US","","","0.0","0.0","","{Sports,Games}","","","","","sportscardportal","false","true"
"Great Canadian Collectibles","","","","US","","","0.0","0.0","","{Sports,Collectibles}","","","","","sportscardportal","false","true"
"Heroes Cards & Comics","","","","US","","","0.0","0.0","","{Sports,Comics,TCG}","","","","","sportscardportal","false","true"
"Heroes N' Legends","","","","US","","","0.0","0.0","","{Sports,Cards}","","","","","sportscardportal","false","true"
"Hockeyhype Cards","","","","US","","","0.0","0.0","","{Sports,TCG}","","","","","sportscardportal","false","true"
"Imperial Gardens Sportscards","","","","US","","","0.0","0.0","","{Sports,Sports,TCG}","","","","","sportscardportal","false","true"
"JJ Sports","","","","US","","","0.0","0.0","","{Sports,Sports}","","","","","sportscardportal","false","true"
"Jocks Corner","","","","US","","","0.0","0.0","","{Sports,Cards}","","","","","sportscardportal","false","true"
"Joe Daley's Sportscards","","","","US","","","0.0","0.0","","{Sports,Sports,TCG}","","","","","sportscardportal","false","true"
"Lasting Memories Locker Room","","","","US","","","0.0","0.0","","{Sports,Cards}","","","","","sportscardportal","false","true"
"Lookin' For Heroes","","","","US","","","0.0","0.0","","{Sports,Cards}","","","","","sportscardportal","false","true"
"Maple Leaf Sports","","","","US","","","0.0","0.0","","{Sports,Sports}","","","","","sportscardportal","false","true"
"Maverick Sports & Collectables","","","","US","","","0.0","0.0","","{Sports,Sports}","","","","","sportscardportal","false","true"
"Pastime Sports & Games","","","","US","","","0.0","0.0","","{Sports,Sports,Games}","","","","","sportscardportal","false","true"
"Pastime Sports & Games Central City","","","","US","","","0.0","0.0","","{Sports,Sports,Games}","","","","","sportscardportal","false","true"
"Pastime Sports & Games Tsawwassen Mills","","","","US","","","0.0","0.0","","{Sports,Sports,Games}","","","","","sportscardportal","false","true"
"Players Choice Sportscards","","","","US","","","0.0","0.0","","{Sports,Sports,TCG}","","","","","sportscardportal","false","true"
"Rockets Sports Cards","","","","US","","","0.0","0.0","","{Sports,Sports,TCG}","","","","","sportscardportal","false","true"
"Rookies Sports Cards & Collectibles","","","","US","","","0.0","0.0","","{Sports,Sports,TCG,Collectibles}","","","","","sportscardportal","false","true"
"SBT Comics And Games","","","","US","","","0.0","0.0","","{Sports,Comics,Games}","","","","","sportscardportal","false","true"
"Sports Card Alley","","","","US","","","0.0","0.0","","{Sports,Sports,TCG}","","","","","sportscardportal","false","true"
"Sportscard Connection","","","","US","","","0.0","0.0","","{Sports,Sports,TCG}","","","","","sportscardportal","false","true"
"Stadium Sports Cards","","","","US","","","0.0","0.0","","{Sports,Sports,TCG}","","","","","sportscardportal","false","true"
"Strictly Singles Sportscards","","","","US","","","0.0","0.0","","{Sports,Sports,TCG}","","","","","sportscardportal","false","true"
"Superstars Sports Collectibles","","","","US","","","0.0","0.0","","{Sports,Sports,Collectibles}","","","","","sportscardportal","false","true"
"Toys Toys Toys","","","","US","","","0.0","0.0","","{Sports,Cards}","","","","","sportscardportal","false","true"
"Tugs Pop Culture & Sport","","","","US","","","0.0","0.0","","{Sports,Sports}","","","","","sportscardportal","false","true"
"Wally's Pro Sportscards","","","","US","","","0.0","0.0","","{Sports,Sports,TCG}","","","","","sportscardportal","false","true"
"Wayne's Sports Cards","","","","US","","","0.0","0.0","","{Sports,Sports,TCG}","","","","","sportscardportal","false","true"
"West Edmonton Coin & Stamp","","","","US","","","0.0","0.0","","{Sports,Cards}","","","","","sportscardportal","false","true"
"Wests Sports Cards","","","","US","","","0.0","0.0","","{Sports,Sports,TCG}","","","","","sportscardportal","false","true"
"Willow Gifts","","","","US","","","0.0","0.0","","{Sports,Cards}","","","","","sportscardportal","false","true"
"Wiser's Wide World Of Collectables","","","","US","","","0.0","0.0","","{Sports,Cards}","","","","","sportscardportal","false","true"
"All Star Sports Cards Emporium","","","AL","US","","","0.0","0.0","","{Sports,Sports,TCG}","","","","","sportscardshops","false","true"
"Browse Sports Card Shops In Alabama","","","AL","US","","","0.0","0.0","","{Sports,Sports,TCG}","","","","","sportscardshops","false","true"
"Collectors’ World Alabama","","","AL","US","","","0.0","0.0","","{Sports,Cards}","","","","","sportscardshops","false","true"
"Cullman Sportscards & Fun Shop","","","AL","US","","","0.0","0.0","","{Sports,Sports,TCG}","","","","","sportscardshops","false","true"
"Featured Card Shops in Alabama","","","AL","US","","","0.0","0.0","","{Sports,TCG}","","","","","sportscardshops","false","true"
"Gadsden Sports Cards & Antique","","","AL","US","","","0.0","0.0","","{Sports,Sports,TCG}","","","","","sportscardshops","false","true"
"The CRD Shop","","","AL","US","","","0.0","0.0","","{Sports,Cards}","","","","","sportscardshops","false","true"
"Vintage South Marketplace","","","AL","US","","","0.0","0.0","","{Sports,Cards}","","","","","sportscardshops","false","true"
"Browse Sports Card Shops In Arkansas","","","AR","US","","","0.0","0.0","","{Sports,Sports,TCG}","","","","","sportscardshops","false","true"
"Duncan’s Sports Cards","","","AR","US","","","0.0","0.0","","{Sports,Sports,TCG}","","","","","sportscardshops","false","true"
"Featured Card Shops in Arkansas","","","AR","US","","","0.0","0.0","","{Sports,TCG}","","","","","sportscardshops","false","true"
"Nostalgia World Sports Cards","","","AR","US","","","0.0","0.0","","{Sports,Sports,TCG}","","","","","sportscardshops","false","true"
"Ozark Knives & Cards","","","AR","US","","","0.0","0.0","","{Sports,TCG}","","","","","sportscardshops","false","true"
"Stan’s Sports Cards","","","AR","US","","","0.0","0.0","","{Sports,Sports,TCG}","","","","","sportscardshops","false","true"
"Tarver Cards","","","AR","US","","","0.0","0.0","","{Sports,TCG}","","","","","sportscardshops","false","true"
"The Card Chop","","","AR","US","","","0.0","0.0","","{Sports,TCG}","","","","","sportscardshops","false","true"
"Batter’s Box Baseball Cards","","","AZ","US","","","0.0","0.0","","{Sports,Sports,TCG}","","","","","sportscardshops","false","true"
"Browse Sports Card Shops In Arizona","","","AZ","US","","","0.0","0.0","","{Sports,Sports,TCG}","","","","","sportscardshops","false","true"
"DJ Collectibles","","","AZ","US","","","0.0","0.0","","{Sports,Collectibles}","","","","","sportscardshops","false","true"
"Desert Breakers Sports Cards","","","AZ","US","","","0.0","0.0","","{Sports,Sports,TCG}","","","","","sportscardshops","false","true"
"Featured Card Shops in Arizona","","","AZ","US","","","0.0","0.0","","{Sports,TCG}","","","","","sportscardshops","false","true"
"Flagstaff Sports Cards","","","AZ","US","","","0.0","0.0","","{Sports,Sports,TCG}","","","","","sportscardshops","false","true"
"Phoenix Sports Cards","","","AZ","US","","","0.0","0.0","","{Sports,Sports,TCG}","","","","","sportscardshops","false","true"
"Showtime Sports Cards and Gaming","","","AZ","US","","","0.0","0.0","","{Sports,Sports,TCG}","","","","","sportscardshops","false","true"
"Browse Sports Card Shops In California","","","CA","US","","","0.0","0.0","","{Sports,Sports,TCG}","","","","","sportscardshops","false","true"
"Featured Card Shops in California","","","CA","US","","","0.0","0.0","","{Sports,TCG}","","","","","sportscardshops","false","true"
"S J Sports Shop","","","CA","US","","","0.0","0.0","","{Sports,Sports}","","","","","sportscardshops","false","true"
"Something Old Something Nouveau","","","CA","US","","","0.0","0.0","","{Sports,Cards}","","","","","sportscardshops","false","true"
"South Bay Baseball Cards","","","CA","US","","","0.0","0.0","","{Sports,Sports,TCG}","","","","","sportscardshops","false","true"
"Sweet Deal","","","CA","US","","","0.0","0.0","","{Sports,Cards}","","","","","sportscardshops","false","true"
"Trader J’s Cards & Comics","","","CA","US","","","0.0","0.0","","{Sports,Comics,TCG}","","","","","sportscardshops","false","true"
"Visalia Sports Cards","","","CA","US","","","0.0","0.0","","{Sports,Sports,TCG}","","","","","sportscardshops","false","true"
"Browse Sports Card Shops In Colorado","","","CO","US","","","0.0","0.0","","{Sports,Sports,TCG}","","","","","sportscardshops","false","true"
"Cheek and Dom’s Awesome Card Shop","","","CO","US","","","0.0","0.0","","{Sports,TCG}","","","","","sportscardshops","false","true"
"Featured Card Shops in Colorado","","","CO","US","","","0.0","0.0","","{Sports,TCG}","","","","","sportscardshops","false","true"
"Grand Slam Sports Cards-Comic","","","CO","US","","","0.0","0.0","","{Sports,Sports,Comics,TCG}","","","","","sportscardshops","false","true"
"House of Cards Sports & TCG","","","CO","US","","","0.0","0.0","","{Sports,Sports,TCG}","","","","","sportscardshops","false","true"
"Regimes sports cards and collectibles","","","CO","US","","","0.0","0.0","","{Sports,Sports,TCG,Collectibles}","","","","","sportscardshops","false","true"
"TEN10COLLECTABLES","","","CO","US","","","0.0","0.0","","{Sports,Cards}","","","","","sportscardshops","false","true"
"Western Colorado Fieldhouse – Grand Junction Sportscards","","","CO","US","","","0.0","0.0","","{Sports,Sports,TCG}","","","","","sportscardshops","false","true"
"Browse Sports Card Shops In Connecticut","","","CT","US","","","0.0","0.0","","{Sports,Sports,TCG}","","","","","sportscardshops","false","true"
"Featured Card Shops in Connecticut","","","CT","US","","","0.0","0.0","","{Sports,TCG}","","","","","sportscardshops","false","true"
"IDeal Cards and Memorabilia","","","CT","US","","","0.0","0.0","","{Sports,TCG}","","","","","sportscardshops","false","true"
"Ken’s Cards and Collectibles","","","CT","US","","","0.0","0.0","","{Sports,TCG,Collectibles}","","","","","sportscardshops","false","true"
"Matt’s Sports Cards & Comics","","","CT","US","","","0.0","0.0","","{Sports,Sports,Comics,TCG}","","","","","sportscardshops","false","true"
"Remember When Baseball Cards","","","CT","US","","","0.0","0.0","","{Sports,Sports,TCG}","","","","","sportscardshops","false","true"
"SellBulkTCGCards LLC","","","CT","US","","","0.0","0.0","","{Sports,TCG}","","","","","sportscardshops","false","true"
"Simsbury Cards & Comics","","","CT","US","","","0.0","0.0","","{Sports,Comics,TCG}","","","","","sportscardshops","false","true"
"Bethany Sports Cards Plus","","","DE","US","","","0.0","0.0","","{Sports,Sports,TCG}","","","","","sportscardshops","false","true"
"Browse Sports Card Shops In Delaware","","","DE","US","","","0.0","0.0","","{Sports,Sports,TCG}","","","","","sportscardshops","false","true"
"Collector’s Box","","","DE","US","","","0.0","0.0","","{Sports,Cards}","","","","","sportscardshops","false","true"
"Featured Card Shops in Delaware","","","DE","US","","","0.0","0.0","","{Sports,TCG}","","","","","sportscardshops","false","true"
"Home Stretch Cards & Collectibles","","","DE","US","","","0.0","0.0","","{Sports,TCG,Collectibles}","","","","","sportscardshops","false","true"
"Hometown sports collectables","","","DE","US","","","0.0","0.0","","{Sports,Sports}","","","","","sportscardshops","false","true"
"Browse Sports Card Shops In Florida","1 store available Auburndale 1 store available Aventura 1 store available Boca Raton 3 stores available Bradenton 3 stores available Cape Coral 1 store available Clearwater 1 store available Cooper City 1 store available Coral Springs 2 stores available Dade City 1 store available Davie 1 store available Daytona Beach 1 store available Delray Beach 1 store available Fort Myers 2 stores available Gainesville 2 stores available Jacksonville 3 stores available Jupiter 1 store available Lake Magdalene 1 store available Lake Placid 1 store available Lakeland 3 stores available Largo 1 store available Leesburg 1 store available Melbourne 1 store available Miami 2 stores available Minneola 1 store available Naples 1 store available Ocala 1 store available Odessa 2 stores available Oldsmar 1 store available Orange City 1 store available Orange City 1 store available Palm Harbor 1 store available Panama City 1 store available Panama City Beach 1 store available Pensacola 2 stores available Pinellas Park 1 store available Ponte Vedra Beach 1 store available Port St. Lucie 2 stores available Rockledge 1 store available Royal Palm Beach 1 store available Sarasota 2 stores available Sebastian 1 store available St. Petersburg 2 stores available Tampa 1 store available Venice 2 stores available Venice 2 stores available Wellington 1 store available West Palm Beach 1 store available Winter Garden 1 store available Featured Card Shops in Florida Wilk’s Rated Rookie Card Shop 📍 Lake Placid","","FL","US","","","0.0","0.0","","{Sports,Sports,TCG}","","","","","sportscardshops","false","true"
"Featured Card Shops in Florida","","","FL","US","","","0.0","0.0","","{Sports,TCG}","","","","","sportscardshops","false","true"
"MJs Corner Boutique and Collectibles","","","FL","US","","","0.0","0.0","","{Sports,Collectibles}","","","","","sportscardshops","false","true"
"My Hobby – Sports Cards & More","","","FL","US","","","0.0","0.0","","{Sports,Sports,TCG,Collectibles}","","","","","sportscardshops","false","true"
"Sports Cards Head Quarters","","","FL","US","","","0.0","0.0","","{Sports,Sports,TCG}","","","","","sportscardshops","false","true"
"Sports Cards Outlet","","","FL","US","","","0.0","0.0","","{Sports,Sports,TCG}","","","","","sportscardshops","false","true"
"Strike Zone","","","FL","US","","","0.0","0.0","","{Sports,Cards}","","","","","sportscardshops","false","true"
"Wilk’s Rated Rookie Card Shop","","","FL","US","","","0.0","0.0","","{Sports,TCG}","","","","","sportscardshops","false","true"
"Browse Sports Card Shops In Georgia","","","GA","US","","","0.0","0.0","","{Sports,Sports,TCG}","","","","","sportscardshops","false","true"
"Ez sports","","","GA","US","","","0.0","0.0","","{Sports,Sports}","","","","","sportscardshops","false","true"
"Featured Card Shops in Georgia","","","GA","US","","","0.0","0.0","","{Sports,TCG}","","","","","sportscardshops","false","true"
"Resale-A-Lot","","","GA","US","","","0.0","0.0","","{Sports,Cards}","","","","","sportscardshops","false","true"
"SPORTS CARDS FOR JESUS","","","GA","US","","","0.0","0.0","","{Sports,Sports,TCG}","","","","","sportscardshops","false","true"
"Sneed Cards","","","GA","US","","","0.0","0.0","","{Sports,TCG}","","","","","sportscardshops","false","true"
"Throwback GOATs","","","GA","US","","","0.0","0.0","","{Sports,Cards}","","","","","sportscardshops","false","true"
"West Georgia Sportscards & Collectibles","","","GA","US","","","0.0","0.0","","{Sports,Sports,TCG,Collectibles}","","","","","sportscardshops","false","true"
"AJTK Enterprise Sports Cards","","","HI","US","","","0.0","0.0","","{Sports,Sports,TCG}","","","","","sportscardshops","false","true"
"Aloha Card Shop","","","HI","US","","","0.0","0.0","","{Sports,TCG}","","","","","sportscardshops","false","true"
"Best Of The Best In Sportscards","","","HI","US","","","0.0","0.0","","{Sports,Sports,TCG}","","","","","sportscardshops","false","true"
"Browse Sports Card Shops In Hawaii","","","HI","US","","","0.0","0.0","","{Sports,Sports,TCG}","","","","","sportscardshops","false","true"
"Featured Card Shops in Hawaii","","","HI","US","","","0.0","0.0","","{Sports,TCG}","","","","","sportscardshops","false","true"
"Maui Sports Cards","","","HI","US","","","0.0","0.0","","{Sports,Sports,TCG}","","","","","sportscardshops","false","true"
"Paula’s Sports Cards Etc.","","","HI","US","","","0.0","0.0","","{Sports,Sports,TCG}","","","","","sportscardshops","false","true"
"Windward Collectibles","","","HI","US","","","0.0","0.0","","{Sports,Collectibles}","","","","","sportscardshops","false","true"
"All Things Sports SUX","","","IA","US","","","0.0","0.0","","{Sports,Sports}","","","","","sportscardshops","false","true"
"Browse Sports Card Shops In Iowa","","","IA","US","","","0.0","0.0","","{Sports,Sports,TCG}","","","","","sportscardshops","false","true"
"Featured Card Shops in Iowa","","","IA","US","","","0.0","0.0","","{Sports,TCG}","","","","","sportscardshops","false","true"
"Hawkeye Baseball Cards","","","IA","US","","","0.0","0.0","","{Sports,Sports,TCG}","","","","","sportscardshops","false","true"
"Jordan’s Sportscards","","","IA","US","","","0.0","0.0","","{Sports,Sports,TCG}","","","","","sportscardshops","false","true"
"Main Street Sportscards","","","IA","US","","","0.0","0.0","","{Sports,Sports,TCG}","","","","","sportscardshops","false","true"
"Mustang Sports Cards","","","IA","US","","","0.0","0.0","","{Sports,Sports,TCG}","","","","","sportscardshops","false","true"
"Tri-State Baseball Cards","","","IA","US","","","0.0","0.0","","{Sports,Sports,TCG}","","","","","sportscardshops","false","true"
"Boise Card Guys LLC","","","ID","US","","","0.0","0.0","","{Sports,TCG}","","","","","sportscardshops","false","true"
"Browse Sports Card Shops In Idaho","","","ID","US","","","0.0","0.0","","{Sports,Sports,TCG}","","","","","sportscardshops","false","true"
"Eagle’s baseball card shop","","","ID","US","","","0.0","0.0","","{Sports,Sports,TCG}","","","","","sportscardshops","false","true"
"Featured Card Shops in Idaho","","","ID","US","","","0.0","0.0","","{Sports,TCG}","","","","","sportscardshops","false","true"
"Jerry’s Rookie Shop","","","ID","US","","","0.0","0.0","","{Sports,Cards}","","","","","sportscardshops","false","true"
"Sportscard Fanatic","","","ID","US","","","0.0","0.0","","{Sports,Sports,TCG}","","","","","sportscardshops","false","true"
"Sportscards Miniatures N More","","","ID","US","","","0.0","0.0","","{Sports,Sports,TCG}","","","","","sportscardshops","false","true"
"Xtreme Collectibles","","","ID","US","","","0.0","0.0","","{Sports,Collectibles}","","","","","sportscardshops","false","true"
"Browse Sports Card Shops In Illinois","","","IL","US","","","0.0","0.0","","{Sports,Sports,TCG}","","","","","sportscardshops","false","true"
"Featured Card Shops in Illinois","","","IL","US","","","0.0","0.0","","{Sports,TCG}","","","","","sportscardshops","false","true"
"Rabbit’s Sports Cards and Collectibles","","","IL","US","","","0.0","0.0","","{Sports,Sports,TCG,Collectibles}","","","","","sportscardshops","false","true"
"Sayers Brothers Cards","","","IL","US","","","0.0","0.0","","{Sports,TCG}","","","","","sportscardshops","false","true"
"Sport & Gaming Cards Plus","","","IL","US","","","0.0","0.0","","{Sports,Sports,TCG}","","","","","sportscardshops","false","true"
"Sports Cards Buying, Inc.","","","IL","US","","","0.0","0.0","","{Sports,Sports,TCG}","","","","","sportscardshops","false","true"
"Twin City Collectibles","","","IL","US","","","0.0","0.0","","{Sports,Collectibles}","","","","","sportscardshops","false","true"
"Universal Sporting Goods","","","IL","US","","","0.0","0.0","","{Sports,Sports}","","","","","sportscardshops","false","true"
"Browse Sports Card Shops In Indiana","","","IN","US","","","0.0","0.0","","{Sports,Sports,TCG}","","","","","sportscardshops","false","true"
"Cardboard Dreams","","","IN","US","","","0.0","0.0","","{Sports,TCG}","","","","","sportscardshops","false","true"
"Featured Card Shops in Indiana","","","IN","US","","","0.0","0.0","","{Sports,TCG}","","","","","sportscardshops","false","true"
"Hoosier Sports Cards","","","IN","US","","","0.0","0.0","","{Sports,Sports,TCG}","","","","","sportscardshops","false","true"
"Mineral City Cards LLC","","","IN","US","","","0.0","0.0","","{Sports,TCG}","","","","","sportscardshops","false","true"
"Retro Trading Cards & Collectibles","","","IN","US","","","0.0","0.0","","{Sports,TCG,Collectibles}","","","","","sportscardshops","false","true"
"Sidelines Sports Cards","","","IN","US","","","0.0","0.0","","{Sports,Sports,TCG}","","","","","sportscardshops","false","true"
"Three Strikes Sports Cards & Hobby","","","IN","US","","","0.0","0.0","","{Sports,Sports,TCG,Collectibles}","","","","","sportscardshops","false","true"
"Bases Loaded Card Shop","","","KS","US","","","0.0","0.0","","{Sports,TCG}","","","","","sportscardshops","false","true"
"Browse Sports Card Shops In Kansas","","","KS","US","","","0.0","0.0","","{Sports,Sports,TCG}","","","","","sportscardshops","false","true"
"Featured Card Shops in Kansas","","","KS","US","","","0.0","0.0","","{Sports,TCG}","","","","","sportscardshops","false","true"
"Oliver’s Sports","","","KS","US","","","0.0","0.0","","{Sports,Sports}","","","","","sportscardshops","false","true"
"O’s Hobby Shop","","","KS","US","","","0.0","0.0","","{Sports,Collectibles}","","","","","sportscardshops","false","true"
"The Arena","","","KS","US","","","0.0","0.0","","{Sports,Cards}","","","","","sportscardshops","false","true"
"The Art Of Sports","","","KS","US","","","0.0","0.0","","{Sports,Sports}","","","","","sportscardshops","false","true"
"Unopenedpackman Sports Cards","","","KS","US","","","0.0","0.0","","{Sports,Sports,TCG}","","","","","sportscardshops","false","true"
"Browse Sports Card Shops In Kentucky","","","KY","US","","","0.0","0.0","","{Sports,Sports,TCG}","","","","","sportscardshops","false","true"
"Dad’s Sports & Collectibles LLC","","","KY","US","","","0.0","0.0","","{Sports,Sports,Collectibles}","","","","","sportscardshops","false","true"
"Featured Card Shops in Kentucky","","","KY","US","","","0.0","0.0","","{Sports,TCG}","","","","","sportscardshops","false","true"
"Kardkid’s Sports Cards","","","KY","US","","","0.0","0.0","","{Sports,Sports,TCG}","","","","","sportscardshops","false","true"
"Sandgap Sports Cards","","","KY","US","","","0.0","0.0","","{Sports,Sports,TCG}","","","","","sportscardshops","false","true"
"Sports Country 2 (Greenwood Mall)","","","KY","US","","","0.0","0.0","","{Sports,Sports}","","","","","sportscardshops","false","true"
"The Bullpen: Sports Cards & Collectibles","","","KY","US","","","0.0","0.0","","{Sports,Sports,TCG,Collectibles}","","","","","sportscardshops","false","true"
"The Card Shop","","","KY","US","","","0.0","0.0","","{Sports,TCG}","","","","","sportscardshops","false","true"
"AJ’s Sports Cards","","","LA","US","","","0.0","0.0","","{Sports,Sports,TCG}","","","","","sportscardshops","false","true"
"Browse Sports Card Shops In Louisiana","","","LA","US","","","0.0","0.0","","{Sports,Sports,TCG}","","","","","sportscardshops","false","true"
"C&J Rookies And Veterans Sports Cards","","","LA","US","","","0.0","0.0","","{Sports,Sports,TCG}","","","","","sportscardshops","false","true"
"Chuck’s Field of Dreams","","","LA","US","","","0.0","0.0","","{Sports,Cards}","","","","","sportscardshops","false","true"
"DownSouth Cards and Bats","","","LA","US","","","0.0","0.0","","{Sports,TCG}","","","","","sportscardshops","false","true"
"Featured Card Shops in Louisiana","","","LA","US","","","0.0","0.0","","{Sports,TCG}","","","","","sportscardshops","false","true"
"Showgoat Cards & Collectibles","","","LA","US","","","0.0","0.0","","{Sports,TCG,Collectibles}","","","","","sportscardshops","false","true"
"SportsCards – Louisiana","","","LA","US","","","0.0","0.0","","{Sports,Sports,TCG}","","","","","sportscardshops","false","true"
"Big Al’s","","","MA","US","","","0.0","0.0","","{Sports,Cards}","","","","","sportscardshops","false","true"
"Browse Sports Card Shops In Massachusetts","","","MA","US","","","0.0","0.0","","{Sports,Sports,TCG}","","","","","sportscardshops","false","true"
"Card Coin & Collectible Exchange","","","MA","US","","","0.0","0.0","","{Sports,TCG,Collectibles}","","","","","sportscardshops","false","true"
"Featured Card Shops in Massachusetts","","","MA","US","","","0.0","0.0","","{Sports,TCG}","","","","","sportscardshops","false","true"
"Title Town Sports Shop","","","MA","US","","","0.0","0.0","","{Sports,Sports}","","","","","sportscardshops","false","true"
"UpTown Cards","","","MA","US","","","0.0","0.0","","{Sports,TCG}","","","","","sportscardshops","false","true"
"Vintage Vault","","","MA","US","","","0.0","0.0","","{Sports,Cards}","","","","","sportscardshops","false","true"
"Woburn Sports Card Show","","","MA","US","","","0.0","0.0","","{Sports,Sports,TCG}","","","","","sportscardshops","false","true"
"219 Sports Cards","","","MD","US","","","0.0","0.0","","{Sports,Sports,TCG}","","","","","sportscardshops","false","true"
"All Season Sports Card","","","MD","US","","","0.0","0.0","","{Sports,Sports,TCG}","","","","","sportscardshops","false","true"
"Browse Sports Card Shops In Maryland","","","MD","US","","","0.0","0.0","","{Sports,Sports,TCG}","","","","","sportscardshops","false","true"
"D & J Baseball Cards","","","MD","US","","","0.0","0.0","","{Sports,Sports,TCG}","","","","","sportscardshops","false","true"
"Featured Card Shops in Maryland","","","MD","US","","","0.0","0.0","","{Sports,TCG}","","","","","sportscardshops","false","true"
"Hometown Hobby Sports","","","MD","US","","","0.0","0.0","","{Sports,Sports,Collectibles}","","","","","sportscardshops","false","true"
"Primetime Sports Collectibles","","","MD","US","","","0.0","0.0","","{Sports,Sports,Collectibles}","","","","","sportscardshops","false","true"
"Sideline Cards & Collectibles","","","MD","US","","","0.0","0.0","","{Sports,TCG,Collectibles}","","","","","sportscardshops","false","true"
"Browse Sports Card Shops In Maine","","","ME","US","","","0.0","0.0","","{Sports,Sports,TCG}","","","","","sportscardshops","false","true"
"Collectors Books & Cards","","","ME","US","","","0.0","0.0","","{Sports,TCG}","","","","","sportscardportal","false","true"
"Collectors’ Choice","","","ME","US","","","0.0","0.0","","{Sports,Cards}","","","","","sportscardshops","false","true"
"Double Play Collectibles","","","ME","US","","","0.0","0.0","","{Sports,Collectibles}","","","","","sportscardshops","false","true"
"Featured Card Shops in Maine","","","ME","US","","","0.0","0.0","","{Sports,TCG}","","","","","sportscardshops","false","true"
"Legacy Sports Cards","","","ME","US","","","0.0","0.0","","{Sports,Sports,TCG}","","","","","sportscardshops","false","true"
"Teddy N Me #2003285","","","ME","US","","","0.0","0.0","","{Sports,Cards}","","","","","sportscardportal","false","true"
"Browse Sports Card Shops In Michigan","1 store available Berkley 1 store available Birch Run 1 store available Brighton 1 store available Canton 1 store available Carleton 1 store available Chelsea 1 store available Chesterfield 1 store available Clawson 1 store available Coloma 1 store available Eaton Rapids 1 store available Escanaba 1 store available Fenton 1 store available Garden City 2 stores available Grand Rapids 1 store available Holland 2 stores available Howell 2 stores available Hudsonville 1 store available Lake Orion 1 store available Lowell 1 store available Madison Heights 1 store available Millington 1 store available Monroe 1 store available New Buffalo 1 store available Rochester 1 store available Rochester Hills 1 store available Saginaw 2 stores available Spring Lake 1 store available St Clair Shores 2 stores available Sterling Heights 2 stores available Traverse City 1 store available Ypsilanti 1 store available Zeeland 1 store available Featured Card Shops in Michigan VP’S Sports Cards 📍 Coloma","","MI","US","","","0.0","0.0","","{Sports,Sports,TCG}","","","","","sportscardshops","false","true"
"Featured Card Shops in Michigan","","","MI","US","","","0.0","0.0","","{Sports,TCG}","","","","","sportscardshops","false","true"
"My Three Sons – Sports Cards and Memorabilia","","","MI","US","","","0.0","0.0","","{Sports,Sports,TCG}","","","","","sportscardshops","false","true"
"Orange cat Card & Comics","","","MI","US","","","0.0","0.0","","{Sports,Comics,TCG}","","","","","sportscardshops","false","true"
"Rare and Unlimited LLC","","","MI","US","","","0.0","0.0","","{Sports,Cards}","","","","","sportscardshops","false","true"
"TC Sports Cards","","","MI","US","","","0.0","0.0","","{Sports,Sports,TCG}","","","","","sportscardshops","false","true"
"The Final Score Sports Cards","","","MI","US","","","0.0","0.0","","{Sports,Sports,TCG}","","","","","sportscardshops","false","true"
"VP’S Sports Cards","","","MI","US","","","0.0","0.0","","{Sports,Sports,TCG}","","","","","sportscardshops","false","true"
"Browse Sports Card Shops In Minnesota","","","MN","US","","","0.0","0.0","","{Sports,Sports,TCG}","","","","","sportscardshops","false","true"
"Featured Card Shops in Minnesota","","","MN","US","","","0.0","0.0","","{Sports,TCG}","","","","","sportscardshops","false","true"
"KhangTCG Collectibles","","","MN","US","","","0.0","0.0","","{Sports,TCG,Collectibles}","","","","","sportscardshops","false","true"
"MinnyCards- MinnyCards24","","","MN","US","","","0.0","0.0","","{Sports,TCG}","","","","","sportscardshops","false","true"
"Northland Breaks","","","MN","US","","","0.0","0.0","","{Sports,Cards}","","","","","sportscardshops","false","true"
"Sports Card Central","","","MN","US","","","0.0","0.0","","{Sports,Sports,TCG}","","","","","sportscardshops","false","true"
"The Card Farmers MN","","","MN","US","","","0.0","0.0","","{Sports,TCG}","","","","","sportscardshops","false","true"
"Who’s on 1st","","","MN","US","","","0.0","0.0","","{Sports,Cards}","","","","","sportscardshops","false","true"
"417 Sports Cards","","","MO","US","","","0.0","0.0","","{Sports,Sports,TCG}","","","","","sportscardshops","false","true"
"Browse Sports Card Shops In Missouri","1 store available Blue Springs 1 store available Branson 1 store available Columbia 2 stores available Crystal City 1 store available Farmington 1 store available Gladstone 1 store available Grain Valley 1 store available Imperial 1 store available Lebanon 4 stores available Liberty 1 store available Manchester 1 store available Olivette 1 store available Springfield 6 stores available St Joseph 1 store available St Peters 3 stores available Webster Groves 1 store available West Plains 1 store available Featured Card Shops in Missouri SP Sports Cards LLC 📍 Farmington","","MO","US","","","0.0","0.0","","{Sports,Sports,TCG}","","","","","sportscardshops","false","true"
"Featured Card Shops in Missouri","","","MO","US","","","0.0","0.0","","{Sports,TCG}","","","","","sportscardshops","false","true"
"Field of Dreams","","","MO","US","","","0.0","0.0","","{Sports,Cards}","","","","","sportscardshops","false","true"
"Jocks and Socks","","","MO","US","","","0.0","0.0","","{Sports,Cards}","","","","","sportscardshops","false","true"
"Right Off the Bat Cards & Collectibles","","","MO","US","","","0.0","0.0","","{Sports,TCG,Collectibles}","","","","","sportscardshops","false","true"
"SP Sports Cards LLC","","","MO","US","","","0.0","0.0","","{Sports,Sports,TCG}","","","","","sportscardshops","false","true"
"Score Big Collectibles","","","MO","US","","","0.0","0.0","","{Sports,Collectibles}","","","","","sportscardshops","false","true"
"Bluff City Memorabilia","","","MS","US","","","0.0","0.0","","{Sports,Cards}","","","","","sportscardshops","false","true"
"Browse Sports Card Shops In Mississippi","","","MS","US","","","0.0","0.0","","{Sports,Sports,TCG}","","","","","sportscardshops","false","true"
"Featured Card Shops in Mississippi","","","MS","US","","","0.0","0.0","","{Sports,TCG}","","","","","sportscardshops","false","true"
"For Love of the Hobby Sports Cards","","","MS","US","","","0.0","0.0","","{Sports,Sports,TCG,Collectibles}","","","","","sportscardshops","false","true"
"Gulf Coast Cards & Sports","","","MS","US","","","0.0","0.0","","{Sports,Sports,TCG}","","","","","sportscardshops","false","true"
"Gulf Coast Cards (Sports Cards, Comic Books, & Magic Cards )","","","MS","US","","","0.0","0.0","","{Sports,Sports,MTG,Comics,TCG}","","","","","sportscardshops","false","true"
"TNT Sports Cards and Hobby","","","MS","US","","","0.0","0.0","","{Sports,Sports,TCG,Collectibles}","","","","","sportscardshops","false","true"
"The Common Collector","","","MS","US","","","0.0","0.0","","{Sports,Cards}","","","","","sportscardshops","false","true"
"Bozeman Sports Cards","","","MT","US","","","0.0","0.0","","{Sports,Sports,TCG}","","","","","sportscardshops","false","true"
"Browse Sports Card Shops In Montana","","","MT","US","","","0.0","0.0","","{Sports,Sports,TCG}","","","","","sportscardshops","false","true"
"Featured Card Shops in Montana","","","MT","US","","","0.0","0.0","","{Sports,TCG}","","","","","sportscardshops","false","true"
"KAB SPORTS CARDS & COLLECTABLES","","","MT","US","","","0.0","0.0","","{Sports,Sports,TCG}","","","","","sportscardshops","false","true"
"Browse Sports Card Shops In North Carolina","","","NC","US","","","0.0","0.0","","{Sports,Sports,TCG}","","","","","sportscardshops","false","true"
"CCG Sports Cards & Memorabilia","","","NC","US","","","0.0","0.0","","{Sports,Sports,TCG}","","","","","sportscardshops","false","true"
"Curveball Cards","","","NC","US","","","0.0","0.0","","{Sports,TCG}","","","","","sportscardshops","false","true"
"East Carolina Collectibles: Vintage Toys, Comic Books, & Baseball Cards","","","NC","US","","","0.0","0.0","","{Sports,Sports,Comics,TCG,Collectibles}","","","","","sportscardshops","false","true"
"Featured Card Shops in North Carolina","","","NC","US","","","0.0","0.0","","{Sports,TCG}","","","","","sportscardshops","false","true"
"Foothills Collectibles – Sports Card Store","","","NC","US","","","0.0","0.0","","{Sports,Sports,TCG,Collectibles}","","","","","sportscardshops","false","true"
"Wahoo’s Sports and Collectibles","","","NC","US","","","0.0","0.0","","{Sports,Sports,Collectibles}","","","","","sportscardshops","false","true"
"Browse Sports Card Shops In North Dakota","","","ND","US","","","0.0","0.0","","{Sports,Sports,TCG}","","","","","sportscardshops","false","true"
"C/TNT Cards & Collectibles","","","ND","US","","","0.0","0.0","","{Sports,TCG,Collectibles}","","","","","sportscardshops","false","true"
"Featured Card Shops in North Dakota","","","ND","US","","","0.0","0.0","","{Sports,TCG}","","","","","sportscardshops","false","true"
"JWW Sports Cards & Gaming","","","ND","US","","","0.0","0.0","","{Sports,Sports,TCG}","","","","","sportscardshops","false","true"
"Max Collectibles","","","ND","US","","","0.0","0.0","","{Sports,Collectibles}","","","","","sportscardshops","false","true"
"The Sports Shaq","","","ND","US","","","0.0","0.0","","{Sports,Sports}","","","","","sportscardshops","false","true"
"Banger Sports Cards","","","NE","US","","","0.0","0.0","","{Sports,Sports,TCG}","","","","","sportscardshops","false","true"
"Browse Sports Card Shops In Nebraska","","","NE","US","","","0.0","0.0","","{Sports,Sports,TCG}","","","","","sportscardshops","false","true"
"Collector’s Den","","","NE","US","","","0.0","0.0","","{Sports,Cards}","","","","","sportscardshops","false","true"
"Featured Card Shops in Nebraska","","","NE","US","","","0.0","0.0","","{Sports,TCG}","","","","","sportscardshops","false","true"
"Home Team Sportz cards","","","NE","US","","","0.0","0.0","","{Sports,Sports,TCG}","","","","","sportscardshops","false","true"
"Playball Sportscards","","","NE","US","","","0.0","0.0","","{Sports,Sports,TCG}","","","","","sportscardshops","false","true"
"Stadium View Sports Cards","","","NE","US","","","0.0","0.0","","{Sports,Sports,TCG}","","","","","sportscardshops","false","true"
"The Vault – Card and Hobby Shop","","","NE","US","","","0.0","0.0","","{Sports,TCG,Collectibles}","","","","","sportscardshops","false","true"
"Browse Sports Card Shops In New Jersey","","","NJ","US","","","0.0","0.0","","{Sports,Sports,TCG}","","","","","sportscardshops","false","true"
"Featured Card Shops in New Jersey","","","NJ","US","","","0.0","0.0","","{Sports,TCG}","","","","","sportscardshops","false","true"
"RobCamCards","","","NJ","US","","","0.0","0.0","","{Sports,TCG}","","","","","sportscardshops","false","true"
"Sal’s Sports Cards and Memorabilia","","","NJ","US","","","0.0","0.0","","{Sports,Sports,TCG}","","","","","sportscardshops","false","true"
"South Jersey Cards","","","NJ","US","","","0.0","0.0","","{Sports,TCG}","","","","","sportscardshops","false","true"
"The Fan Stand Cherry Hill Mall","","","NJ","US","","","0.0","0.0","","{Sports,Cards}","","","","","sportscardshops","false","true"
"Triple Play Baseball Inc","","","NJ","US","","","0.0","0.0","","{Sports,Sports}","","","","","sportscardshops","false","true"
"Wall 2 Wall Sports Cards","","","NJ","US","","","0.0","0.0","","{Sports,Sports,TCG}","","","","","sportscardshops","false","true"
"Browse Sports Card Shops In New Mexico","","","NM","US","","","0.0","0.0","","{Sports,Sports,TCG}","","","","","sportscardshops","false","true"
"CJ Sports, Collectibles & More","","","NM","US","","","0.0","0.0","","{Sports,Sports,Collectibles}","","","","","sportscardshops","false","true"
"Cardboard Collectors","","","NM","US","","","0.0","0.0","","{Sports,TCG}","","","","","sportscardshops","false","true"
"Featured Card Shops in New Mexico","","","NM","US","","","0.0","0.0","","{Sports,TCG}","","","","","sportscardshops","false","true"
"GameTime Sports Cards & Collectables","","","NM","US","","","0.0","0.0","","{Sports,Sports,TCG,Games}","","","","","sportscardshops","false","true"
"New Mexico Sports Cards","","","NM","US","","","0.0","0.0","","{Sports,Sports,TCG}","","","","","sportscardshops","false","true"
"Ball Hogs Sports Cards, Collectibles & More","","","NV","US","","","0.0","0.0","","{Sports,Sports,TCG,Collectibles}","","","","","sportscardshops","false","true"
"Browse Sports Card Shops In Nevada","","","NV","US","","","0.0","0.0","","{Sports,Sports,TCG}","","","","","sportscardshops","false","true"
"Featured Card Shops in Nevada","","","NV","US","","","0.0","0.0","","{Sports,TCG}","","","","","sportscardshops","false","true"
"Gameday Sports Cards Las Vegas","","","NV","US","","","0.0","0.0","","{Sports,Sports,TCG,Games}","","","","","sportscardshops","false","true"
"Home Team Sports Collectibles","","","NV","US","","","0.0","0.0","","{Sports,Sports,Collectibles}","","","","","sportscardshops","false","true"
"The Awesome Card Shop","","","NV","US","","","0.0","0.0","","{Sports,TCG}","","","","","sportscardshops","false","true"
"Ultimate Sports Cards And Memorabilia","","","NV","US","","","0.0","0.0","","{Sports,Sports,TCG}","","","","","sportscardshops","false","true"
"sierra nevada sports collectibles","","","NV","US","","","0.0","0.0","","{Sports,Sports,Collectibles}","","","","","sportscardshops","false","true"
"Big Slab Daddy Sport Cards","","","NY","US","","","0.0","0.0","","{Sports,Sports,TCG}","","","","","sportscardshops","false","true"
"Bleecker Trading","","","NY","US","","","0.0","0.0","","{Sports,TCG}","","","","","sportscardshops","false","true"
"Browse Sports Card Shops In New York","","","NY","US","","","0.0","0.0","","{Sports,Sports,TCG}","","","","","sportscardshops","false","true"
"City Cards & Collectibles","","","NY","US","","","0.0","0.0","","{Sports,TCG,Collectibles}","","","","","sportscardshops","false","true"
"E and J Boutique","","","NY","US","","","0.0","0.0","","{Sports,Cards}","","","","","sportscardshops","false","true"
"Featured Card Shops in New York","","","NY","US","","","0.0","0.0","","{Sports,TCG}","","","","","sportscardshops","false","true"
"Jam Sports Cards & Collectibles","","","NY","US","","","0.0","0.0","","{Sports,Sports,TCG,Collectibles}","","","","","sportscardshops","false","true"
"The Hot Corner","","","NY","US","","","0.0","0.0","","{Sports,Cards}","","","","","sportscardshops","false","true"
"Browse Sports Card Shops In Ohio","2 stores available Amelia 1 store available Amherst 1 store available Ashland 2 stores available Ashtabula 1 store available Avon 1 store available Boardman 1 store available Broadview Heights 1 store available Brunswick 1 store available Chagrin Falls 1 store available Cincinnati 5 stores available Clyde 1 store available Columbus 2 stores available Cuyahoga Falls 2 stores available Dayton 1 store available Delaware 1 store available Eastlake 1 store available Fairborn 1 store available Fairfield 2 stores available Fairview Park 1 store available Findlay 1 store available Grove City 2 stores available Holland 2 stores available Kettering 1 store available Lebanon 4 stores available Liberty Township 1 store available Lima 2 stores available Mansfield 1 store available Marysville 1 store available Massillon 1 store available Medina 1 store available Niles 2 stores available Orrville 1 store available Painesville 1 store available Plain City 1 store available Powell 1 store available Ravenna 1 store available Sandusky 1 store available South Euclid 1 store available Springfield 6 stores available St Clairsville 1 store available Strasburg 1 store available Strongsville 1 store available Tiffin 1 store available Toledo 1 store available Troy 1 store available Urbana 1 store available Vandalia 1 store available Westerville 1 store available Youngstown 3 stores available Featured Card Shops in Ohio Unique sports cards & collectibles 📍 Ashland","","OH","US","","","0.0","0.0","","{Sports,Sports,TCG}","","","","","sportscardshops","false","true"
"Featured Card Shops in Ohio","","","OH","US","","","0.0","0.0","","{Sports,TCG}","","","","","sportscardshops","false","true"
"Momma Tried Sports Cards-Sandusky","","","OH","US","","","0.0","0.0","","{Sports,Sports,TCG}","","","","","sportscardshops","false","true"
"Sideline Sports","","","OH","US","","","0.0","0.0","","{Sports,Sports}","","","","","sportscardshops","false","true"
"Sports Nutz – (ONLINE ONLY)","","","OH","US","","","0.0","0.0","","{Sports,Sports}","","","","","sportscardshops","false","true"
"Starlightzombies Toys & Hobbies","","","OH","US","","","0.0","0.0","","{Sports,Cards}","","","","","sportscardshops","false","true"
"The Bullpen","","","OH","US","","","0.0","0.0","","{Sports,Cards}","","","","","sportscardshops","false","true"
"Unique sports cards & collectibles","","","OH","US","","","0.0","0.0","","{Sports,Sports,TCG,Collectibles}","","","","","sportscardshops","false","true"
"Al’s Sports Cards & Gaming","","","OK","US","","","0.0","0.0","","{Sports,Sports,TCG}","","","","","sportscardshops","false","true"
"Azlin’s Sports Cards & Technologies","","","OK","US","","","0.0","0.0","","{Sports,Sports,TCG}","","","","","sportscardshops","false","true"
"Bear Jax Sports & Trading Cards","","","OK","US","","","0.0","0.0","","{Sports,Sports,TCG}","","","","","sportscardshops","false","true"
"Browse Sports Card Shops In Oklahoma","","","OK","US","","","0.0","0.0","","{Sports,Sports,TCG}","","","","","sportscardshops","false","true"
"Featured Card Shops in Oklahoma","","","OK","US","","","0.0","0.0","","{Sports,TCG}","","","","","sportscardshops","false","true"
"KardboardInk Sports cards & Memorabilia","","","OK","US","","","0.0","0.0","","{Sports,Sports,TCG}","","","","","sportscardshops","false","true"
"S & S Sports Card","","","OK","US","","","0.0","0.0","","{Sports,Sports,TCG}","","","","","sportscardshops","false","true"
"Stadium Sports Collectibles & antiques","","","OK","US","","","0.0","0.0","","{Sports,Sports,Collectibles}","","","","","sportscardshops","false","true"
"1 Stop Card Shop","","","OR","US","","","0.0","0.0","","{Sports,TCG}","","","","","sportscardshops","false","true"
"BigFoot Sports Cards LLC","","","OR","US","","","0.0","0.0","","{Sports,Sports,TCG}","","","","","sportscardshops","false","true"
"Browse Sports Card Shops In Oregon","","","OR","US","","","0.0","0.0","","{Sports,Sports,TCG}","","","","","sportscardshops","false","true"
"Featured Card Shops in Oregon","","","OR","US","","","0.0","0.0","","{Sports,TCG}","","","","","sportscardshops","false","true"
"Matt’s Cavalcade of Comics, Cards, and Collectibles","","","OR","US","","","0.0","0.0","","{Sports,Comics,TCG,Collectibles}","","","","","sportscardshops","false","true"
"NO NO’s Sports Cards","","","OR","US","","","0.0","0.0","","{Sports,Sports,TCG}","","","","","sportscardshops","false","true"
"Sports Cards and Coin Fanatics","","","OR","US","","","0.0","0.0","","{Sports,Sports,TCG}","","","","","sportscardshops","false","true"
"Sports cards 101","","","OR","US","","","0.0","0.0","","{Sports,Sports,TCG}","","","","","sportscardshops","false","true"
"Browse Sports Card Shops In Pennsylvania","","","PA","US","","","0.0","0.0","","{Sports,Sports,TCG}","","","","","sportscardshops","false","true"
"Featured Card Shops in Pennsylvania","","","PA","US","","","0.0","0.0","","{Sports,TCG}","","","","","sportscardshops","false","true"
"Kerm’s Card Shop Greencastle","","","PA","US","","","0.0","0.0","","{Sports,TCG}","","","","","sportscardshops","false","true"
"Kevin’s Cards","","","PA","US","","","0.0","0.0","","{Sports,TCG}","","","","","sportscardshops","false","true"
"NittWitt Sports Cards & Collectibles","","","PA","US","","","0.0","0.0","","{Sports,Sports,TCG,Collectibles}","","","","","sportscardshops","false","true"
"Sports cards fantasy","","","PA","US","","","0.0","0.0","","{Sports,Sports,TCG}","","","","","sportscardshops","false","true"
"The Card Gallery 25","","","PA","US","","","0.0","0.0","","{Sports,TCG}","","","","","sportscardshops","false","true"
"Triple Diamond Sports Cards & Collectibles","","","PA","US","","","0.0","0.0","","{Sports,Sports,TCG,Collectibles}","","","","","sportscardshops","false","true"
"Browse Sports Card Shops In Rhode Island","","","RI","US","","","0.0","0.0","","{Sports,Sports,TCG}","","","","","sportscardshops","false","true"
"Featured Card Shops in Rhode Island","","","RI","US","","","0.0","0.0","","{Sports,TCG}","","","","","sportscardshops","false","true"
"JC Sports World","","","RI","US","","","0.0","0.0","","{Sports,Sports}","","","","","sportscardshops","false","true"
"Murph’s Card Town","","","RI","US","","","0.0","0.0","","{Sports,TCG}","","","","","sportscardshops","false","true"
"PB Collectibles","","","RI","US","","","0.0","0.0","","{Sports,Collectibles}","","","","","sportscardshops","false","true"
"Re•vive Games, Sport Cards, and Collectibles","","","RI","US","","","0.0","0.0","","{Sports,Sports,TCG,Games,Collectibles}","","","","","sportscardshops","false","true"
"Sports Heroes","","","RI","US","","","0.0","0.0","","{Sports,Sports}","","","","","sportscardshops","false","true"
"The Sports Den","","","RI","US","","","0.0","0.0","","{Sports,Sports}","","","","","sportscardshops","false","true"
"Browse Sports Card Shops In South Carolina","","","SC","US","","","0.0","0.0","","{Sports,Sports,TCG}","","","","","sportscardshops","false","true"
"Coastal Sports Cards","","","SC","US","","","0.0","0.0","","{Sports,Sports,TCG}","","","","","sportscardshops","false","true"
"Collector’s Corner","","","SC","US","","","0.0","0.0","","{Sports,Cards}","","","","","sportscardshops","false","true"
"Craig’s Sport Cards","","","SC","US","","","0.0","0.0","","{Sports,Sports,TCG}","","","","","sportscardshops","false","true"
"Craig’s Sports Cards","","","SC","US","","","0.0","0.0","","{Sports,Sports,TCG}","","","","","sportscardshops","false","true"
"Featured Card Shops in South Carolina","","","SC","US","","","0.0","0.0","","{Sports,TCG}","","","","","sportscardshops","false","true"
"Palmetto Sportscards and Collectibles","","","SC","US","","","0.0","0.0","","{Sports,Sports,TCG,Collectibles}","","","","","sportscardshops","false","true"
"Sports Cards Unlimited","","","SC","US","","","0.0","0.0","","{Sports,Sports,TCG}","","","","","sportscardshops","false","true"
"Badlands Sports Cards","","","SD","US","","","0.0","0.0","","{Sports,Sports,TCG}","","","","","sportscardshops","false","true"
"Browse Sports Card Shops In South Dakota","","","SD","US","","","0.0","0.0","","{Sports,Sports,TCG}","","","","","sportscardshops","false","true"
"Featured Card Shops in South Dakota","","","SD","US","","","0.0","0.0","","{Sports,TCG}","","","","","sportscardshops","false","true"
"Playmakers Sports Cards Memorabilia & Gaming","","","SD","US","","","0.0","0.0","","{Sports,Sports,TCG}","","","","","sportscardshops","false","true"
"Triple Play Sports Cards","","","SD","US","","","0.0","0.0","","{Sports,Sports,TCG}","","","","","sportscardshops","false","true"
"Browse Sports Card Shops In Tennessee","","","TN","US","","","0.0","0.0","","{Sports,Sports,TCG}","","","","","sportscardshops","false","true"
"Featured Card Shops in Tennessee","","","TN","US","","","0.0","0.0","","{Sports,TCG}","","","","","sportscardshops","false","true"
"Hey, it’s a card shop","","","TN","US","","","0.0","0.0","","{Sports,TCG}","","","","","sportscardshops","false","true"
"Kingston Sports","","","TN","US","","","0.0","0.0","","{Sports,Sports}","","","","","sportscardshops","false","true"
"Smyrna Everything Sports Cards & Collectibles","","","TN","US","","","0.0","0.0","","{Sports,Sports,TCG,Collectibles}","","","","","sportscardshops","false","true"
"TAG Sports Cards","","","TN","US","","","0.0","0.0","","{Sports,Sports,TCG}","","","","","sportscardshops","false","true"
"Volunteer Cards and Collectibles","","","TN","US","","","0.0","0.0","","{Sports,TCG,Collectibles}","","","","","sportscardshops","false","true"
"Webb’s Cards & Collectibles","","","TN","US","","","0.0","0.0","","{Sports,TCG,Collectibles}","","","","","sportscardshops","false","true"
"Browse Sports Card Shops In Texas","","","TX","US","","","0.0","0.0","","{Sports,Sports,TCG}","","","","","sportscardshops","false","true"
"Featured Card Shops in Texas","","","TX","US","","","0.0","0.0","","{Sports,TCG}","","","","","sportscardshops","false","true"
"Foster’s Cards & Collectibles","","","TX","US","","","0.0","0.0","","{Sports,TCG,Collectibles}","","","","","sportscardshops","false","true"
"Gem Mint","","","TX","US","","","0.0","0.0","","{Sports,Cards}","","","","","sportscardshops","false","true"
"Gordon’s Sports Cards","","","TX","US","","","0.0","0.0","","{Sports,Sports,TCG}","","","","","sportscardshops","false","true"
"J&M Sports Cards and Toy Collectibles","","","TX","US","","","0.0","0.0","","{Sports,Sports,TCG,Collectibles}","","","","","sportscardshops","false","true"
"SUN CITY COLLECTIBLES","","","TX","US","","","0.0","0.0","","{Sports,Collectibles}","","","","","sportscardshops","false","true"
"Sports Cards","","","TX","US","","","0.0","0.0","","{Sports,Sports,TCG}","","","","","sportscardshops","false","true"
"Beehive Sports Cards","","","UT","US","","","0.0","0.0","","{Sports,Sports,TCG}","","","","","sportscardshops","false","true"
"Browse Sports Card Shops In Utah","","","UT","US","","","0.0","0.0","","{Sports,Sports,TCG}","","","","","sportscardshops","false","true"
"Clayton’s Card Shop & Nascar Diecast","","","UT","US","","","0.0","0.0","","{Sports,TCG}","","","","","sportscardshops","false","true"
"Clubhouse Cards","","","UT","US","","","0.0","0.0","","{Sports,TCG}","","","","","sportscardshops","false","true"
"Featured Card Shops in Utah","","","UT","US","","","0.0","0.0","","{Sports,TCG}","","","","","sportscardshops","false","true"
"Mr E’s Sports Cards","","","UT","US","","","0.0","0.0","","{Sports,Sports,TCG}","","","","","sportscardshops","false","true"
"Splash Cards","","","UT","US","","","0.0","0.0","","{Sports,TCG}","","","","","sportscardshops","false","true"
"Venue Sports Cards & Collectibles","","","UT","US","","","0.0","0.0","","{Sports,Sports,TCG,Collectibles}","","","","","sportscardshops","false","true"
"Browse Sports Card Shops In Virginia","","","VA","US","","","0.0","0.0","","{Sports,Sports,TCG}","","","","","sportscardshops","false","true"
"Featured Card Shops in Virginia","","","VA","US","","","0.0","0.0","","{Sports,TCG}","","","","","sportscardshops","false","true"
"Hidden Gem Sports Cards & Collectibles","","","VA","US","","","0.0","0.0","","{Sports,Sports,TCG,Collectibles}","","","","","sportscardshops","false","true"
"Lakeside Sports Cards & Collectibles","","","VA","US","","","0.0","0.0","","{Sports,Sports,TCG,Collectibles}","","","","","sportscardshops","false","true"
"Line Drive Sports Cards and Memorabilia","","","VA","US","","","0.0","0.0","","{Sports,Sports,TCG}","","","","","sportscardshops","false","true"
"Old School Sportscards & Collectables","","","VA","US","","","0.0","0.0","","{Sports,Sports,TCG}","","","","","sportscardshops","false","true"
"Paul & Paula’s Sport Cards","","","VA","US","","","0.0","0.0","","{Sports,Sports,TCG}","","","","","sportscardshops","false","true"
"West End Sports Cards","","","VA","US","","","0.0","0.0","","{Sports,Sports,TCG}","","","","","sportscardshops","false","true"
"Browse Sports Card Shops In Vermont","","","VT","US","","","0.0","0.0","","{Sports,Sports,TCG}","","","","","sportscardshops","false","true"
"Featured Card Shops in Vermont","","","VT","US","","","0.0","0.0","","{Sports,TCG}","","","","","sportscardshops","false","true"
"Green Mountain Sports Cards & Gaming","","","VT","US","","","0.0","0.0","","{Sports,Sports,TCG}","","","","","sportscardshops","false","true"
"Main Street Sports Cards","","","VT","US","","","0.0","0.0","","{Sports,Sports,TCG}","","","","","sportscardshops","false","true"
"Clubhouse CardsUnclaimed","293 E Telegraph St Suite 104","","WA","US","","","0.0","0.0","","{Sports,TCG}","","https://maps.google.com/?q=293+E+Telegraph+St+Suite+104%2C+Washington%2C+UT+84780","","","sportscardshops","false","true"
"View Details","","","WA","US","","","0.0","0.0","","{Sports,Cards}","","https://maps.google.com/?q=293+E+Telegraph+St+Suite+104%2C+Washington%2C+UT+84780","","","sportscardshops","false","true"
"more","","","WA","US","","","0.0","0.0","","{Sports,Cards}","","","","","sportscardshops","false","true"
"Browse Sports Card Shops In Wisconsin","","","WI","US","","","0.0","0.0","","{Sports,Sports,TCG}","","","","","sportscardshops","false","true"
"Dude’s Card Shop","","","WI","US","","","0.0","0.0","","{Sports,TCG}","","","","","sportscardshops","false","true"
"Featured Card Shops in Wisconsin","","","WI","US","","","0.0","0.0","","{Sports,TCG}","","","","","sportscardshops","false","true"
"Hidden Collectibles","","","WI","US","","","0.0","0.0","","{Sports,Collectibles}","","","","","sportscardshops","false","true"
"Jay’s Sport and Hobby","","","WI","US","","","0.0","0.0","","{Sports,Sports,Collectibles}","","","","","sportscardshops","false","true"
"Rabbit Hole Sports Cards","","","WI","US","","","0.0","0.0","","{Sports,Sports,TCG}","","","","","sportscardshops","false","true"
"The Hobby Oasis","","","WI","US","","","0.0","0.0","","{Sports,Collectibles}","","","","","sportscardshops","false","true"
"Touchdown Sports Cards","","","WI","US","","","0.0","0.0","","{Sports,Sports,TCG}","","","","","sportscardshops","false","true"
"Browse Sports Card Shops In West Virginia","","","WV","US","","","0.0","0.0","","{Sports,Sports,TCG}","","","","","sportscardshops","false","true"
"Dual Threat Sports Cards","","","WV","US","","","0.0","0.0","","{Sports,Sports,TCG}","","","","","sportscardshops","false","true"
"Featured Card Shops in West Virginia","","","WV","US","","","0.0","0.0","","{Sports,TCG}","","","","","sportscardshops","false","true"
"Freeman’s Sports Cards & Collectibles","","","WV","US","","","0.0","0.0","","{Sports,Sports,TCG,Collectibles}","","","","","sportscardshops","false","true"
"Gameday Sportscards","","","WV","US","","","0.0","0.0","","{Sports,Sports,TCG,Games}","","","","","sportscardshops","false","true"
"Select Cards & Collectables","","","WV","US","","","0.0","0.0","","{Sports,TCG}","","","","","sportscardshops","false","true"
"The Dugout","","","WV","US","","","0.0","0.0","","{Sports,Cards}","","","","","sportscardshops","false","true"
"Who’s On First?","","","WV","US","","","0.0","0.0","","{Sports,Cards}","","","","","sportscardshops","false","true"
"307 Trading Cards","","","WY","US","","","0.0","0.0","","{Sports,TCG}","","","","","sportscardshops","false","true"
"Browse Sports Card Shops In Wyoming","","","WY","US","","","0.0","0.0","","{Sports,Sports,TCG}","","","","","sportscardshops","false","true"
"Featured Card Shops in Wyoming","","","WY","US","","","0.0","0.0","","{Sports,TCG}","","","","","sportscardshops","false","true"
"Sheridan Wyo Sports Cards","","","WY","US","","","0.0","0.0","","{Sports,Sports,TCG}","","","","","sportscardshops","false","true"
